{"count":1,"gauges":{},"self":27.4114336,"total":27.545188999999997,"children":{"AgentResetIfDone":{"count":1366,"self":0.0038693,"total":0.0038693,"children":null},"AgentSendState":{"count":1366,"self":0,"total":0.0010211999999999999,"children":{"CollectObservations":{"count":137,"self":0.0010211999999999999,"total":0.0010211999999999999,"children":null}}},"DecideAction":{"count":1366,"self":0.11999359999999999,"total":0.11999359999999999,"children":null},"AcademyStep":{"count":1366,"self":0.0010257,"total":0.0010257,"children":null},"AgentAct":{"count":1366,"self":0.0058509,"total":0.0058509,"children":null}}}