{"count":1,"gauges":{},"self":103.34175359999999,"total":104.72309729999999,"children":{"AgentResetIfDone":{"count":5182,"self":0.040940199999999996,"total":0.040940199999999996,"children":null},"AgentSendState":{"count":5182,"self":0.0209797,"total":0.02198,"children":{"CollectObservations":{"count":519,"self":0.0010003,"total":0.0010003,"children":null}}},"DecideAction":{"count":5182,"self":1.2640069,"total":1.2640069,"children":null},"AcademyStep":{"count":5182,"self":0.0080246,"total":0.0080246,"children":null},"AgentAct":{"count":5182,"self":0.0453857,"total":0.0453857,"children":null}}}